#### Tt stimuli! ####;;;;
id;sound1_filename;sound2_filename;sound3_filename;sound4_filename;sound5_filename;sound6_filename;sound7_filename;sound8_filename;sound9_filename;sound10_filename;sound11_filename;sound12_filename
1;Speaker1_feep_1.wav;Speaker1_feep_2.wav;Speaker1_feep_3.wav;Speaker1_feep_4.wav;Speaker1_feep_5.wav;Speaker1_feep_6.wav;Speaker1_feep_7.wav;Speaker1_feep_8.wav;Speaker1_feep_9.wav;Speaker1_feep_10.wav;Speaker1_feep_11.wav;Speaker1_feep_12.wav
2;Speaker1_feep_2.wav;Speaker1_feep_1.wav;Speaker1_feep_3.wav;Speaker1_feep_4.wav;Speaker1_feep_5.wav;Speaker1_feep_6.wav;Speaker1_feep_7.wav;Speaker1_feep_8.wav;Speaker1_feep_9.wav;Speaker1_feep_10.wav;Speaker1_feep_11.wav;Speaker1_feep_12.wav
3;Speaker1_feep_3.wav;Speaker1_feep_2.wav;Speaker1_feep_1.wav;Speaker1_feep_4.wav;Speaker1_feep_5.wav;Speaker1_feep_6.wav;Speaker1_feep_7.wav;Speaker1_feep_8.wav;Speaker1_feep_9.wav;Speaker1_feep_10.wav;Speaker1_feep_11.wav;Speaker1_feep_12.wav
4;Speaker1_feep_4.wav;Speaker1_feep_2.wav;Speaker1_feep_3.wav;Speaker1_feep_1.wav;Speaker1_feep_5.wav;Speaker1_feep_6.wav;Speaker1_feep_7.wav;Speaker1_feep_8.wav;Speaker1_feep_9.wav;Speaker1_feep_10.wav;Speaker1_feep_11.wav;Speaker1_feep_12.wav
5;Speaker1_feep_5.wav;Speaker1_feep_2.wav;Speaker1_feep_3.wav;Speaker1_feep_4.wav;Speaker1_feep_1.wav;Speaker1_feep_6.wav;Speaker1_feep_7.wav;Speaker1_feep_8.wav;Speaker1_feep_9.wav;Speaker1_feep_10.wav;Speaker1_feep_11.wav;Speaker1_feep_12.wav
6;Speaker1_feep_6.wav;Speaker1_feep_2.wav;Speaker1_feep_3.wav;Speaker1_feep_4.wav;Speaker1_feep_5.wav;Speaker1_feep_1.wav;Speaker1_feep_7.wav;Speaker1_feep_8.wav;Speaker1_feep_9.wav;Speaker1_feep_10.wav;Speaker1_feep_11.wav;Speaker1_feep_12.wav
7;Speaker1_feep_7.wav;Speaker1_feep_2.wav;Speaker1_feep_3.wav;Speaker1_feep_4.wav;Speaker1_feep_5.wav;Speaker1_feep_6.wav;Speaker1_feep_1.wav;Speaker1_feep_8.wav;Speaker1_feep_9.wav;Speaker1_feep_10.wav;Speaker1_feep_11.wav;Speaker1_feep_12.wav
8;Speaker1_feep_8.wav;Speaker1_feep_2.wav;Speaker1_feep_3.wav;Speaker1_feep_4.wav;Speaker1_feep_5.wav;Speaker1_feep_6.wav;Speaker1_feep_7.wav;Speaker1_feep_1.wav;Speaker1_feep_9.wav;Speaker1_feep_10.wav;Speaker1_feep_11.wav;Speaker1_feep_12.wav
9;Speaker1_feep_9.wav;Speaker1_feep_2.wav;Speaker1_feep_3.wav;Speaker1_feep_4.wav;Speaker1_feep_5.wav;Speaker1_feep_6.wav;Speaker1_feep_7.wav;Speaker1_feep_8.wav;Speaker1_feep_1.wav;Speaker1_feep_10.wav;Speaker1_feep_11.wav;Speaker1_feep_12.wav
10;Speaker1_feep_10.wav;Speaker1_feep_2.wav;Speaker1_feep_3.wav;Speaker1_feep_4.wav;Speaker1_feep_5.wav;Speaker1_feep_6.wav;Speaker1_feep_7.wav;Speaker1_feep_8.wav;Speaker1_feep_9.wav;Speaker1_feep_1.wav;Speaker1_feep_11.wav;Speaker1_feep_12.wav
11;Speaker1_feep_11.wav;Speaker1_feep_2.wav;Speaker1_feep_3.wav;Speaker1_feep_4.wav;Speaker1_feep_5.wav;Speaker1_feep_6.wav;Speaker1_feep_7.wav;Speaker1_feep_8.wav;Speaker1_feep_9.wav;Speaker1_feep_10.wav;Speaker1_feep_1.wav;Speaker1_feep_12.wav
12;Speaker1_feep_12.wav;Speaker1_feep_2.wav;Speaker1_feep_3.wav;Speaker1_feep_4.wav;Speaker1_feep_5.wav;Speaker1_feep_6.wav;Speaker1_feep_7.wav;Speaker1_feep_8.wav;Speaker1_feep_9.wav;Speaker1_feep_10.wav;Speaker1_feep_11.wav;Speaker1_feep_1.wav